label,probability
5,0
15,0.01633567549288273
25,0.015706103295087814
35,0.0733821839094162
45,0.11883223056793213
55,0.24206948280334473
65,0.22857007384300232
75,0.24825312197208405
85,0.05685107782483101
95,0